id,name,image,party,status,email,term
fc383496-e530-4885-a020-d5fa1adb9e58,Jonathan Motzfeldt,/css/images/INAT-dukke-lys.jpg,Siumut,Member of Inatsisartut,jomo@gh.gl,1979-05-01
2cee0ddf-2e20-4081-b816-0020a37b9743,Hendrik Nielsen,/css/images/INAT-dukke-lys.jpg,Siumut,Member of Inatsisartut,"",1979-05-01
98910cf1-54f9-41a4-8b16-3de553fc004c,Aage Hammeken,/media/2316307/INAT-dukke-lys.jpg,Siumut,Member of Inatsisartut,"",1979-05-01
1d2b8674-da01-43c0-a8af-521296160406,Anders Andreassen,/css/images/INAT-dukke-lys.jpg,Siumut,Member of Inatsisartut,"",1979-05-01
d2d87db5-bf3a-41bf-b2aa-69e1d09d17ed,Anguteraq Davidsen,/css/images/INAT-dukke-lys.jpg,Atassut,Member of Inatsisartut,"",1979-05-01
aac4aa2c-bbf5-4d21-87e9-ca2e3ac9783b,Bent Frederiksen,/css/images/INAT-dukke-lys.jpg,Siumut,Member of Inatsisartut,"",1979-05-01
da956eff-e68e-4420-b816-b9df89e2342d,Frederik Rosback,/css/images/INAT-dukke-lys.jpg,Siumut,Member of Inatsisartut,"",1979-05-01
038ce71d-52d3-4093-a2a1-897947764e12,Jakob Sivertsen,/css/images/INAT-dukke-lys.jpg,Atassut,Member of Inatsisartut,"",1979-05-01
fb8105bb-969b-4d48-9460-854c15b5a85c,Konrad Steenholdt,/css/images/INAT-dukke-lys.jpg,Atassut,Member of Inatsisartut,"",1979-05-01
1a4928b0-5326-4857-a6cd-f0764a835679,Lars Godtfredsen,/css/images/INAT-dukke-lys.jpg,Atassut,Member of Inatsisartut,"",1979-05-01
5777e11f-e768-459f-b372-04337c331d55,Lars Chemnitz,/css/images/INAT-dukke-lys.jpg,Atassut,Member of Inatsisartut,"",1979-05-01
89f4a64a-eab1-46c4-8caa-b9b33cf0cc7f,Lars-Emil Johansen,/media/753863/Lars-Emil Johansen - 07533.jpg,Siumut,Member of Inatsisartut,larsemil@inatsisartut.gl,1979-05-01
3073090e-ac00-4a11-8603-29be228a2e90,Moses Olsen,/css/images/INAT-dukke-lys.jpg,Siumut,Member of Inatsisartut,"",1979-05-01
60165b05-9a76-4ae6-84d0-0de7692154b1,Niels Nielsen,/css/images/INAT-dukke-lys.jpg,Siumut,Member of Inatsisartut,"",1979-05-01
9269121c-74cb-445a-8c81-b40677b326b4,Niels Carlo Heilmann,/css/images/INAT-dukke-lys.jpg,Atassut,Member of Inatsisartut,"",1979-05-01
77251343-2796-4e88-84fa-4b58503ca2d5,Otto Steenholdt,/css/images/INAT-dukke-lys.jpg,Atassut,Member of Inatsisartut,"",1979-05-01
e260a0b2-96f2-47b4-ac70-8251d9d0880c,Pavia Nielsen,/css/images/INAT-dukke-lys.jpg,Siumut,Member of Inatsisartut,"",1979-05-01
e7c37036-98af-4931-9061-90fd045cd582,Peter Ostermann,/css/images/INAT-dukke-lys.jpg,Atassut,Member of Inatsisartut,"",1979-05-01
7f942e8e-bb44-4e6d-b716-2409fa6306e3,Preben Lange,/css/images/INAT-dukke-lys.jpg,Siumut,Member of Inatsisartut,"",1979-05-01
8e35d10a-8c5b-42f1-b493-ef4070ce6b7f,Sofus Joelsen,/css/images/INAT-dukke-lys.jpg,Siumut,Member of Inatsisartut,"",1979-05-01
24b2e8d5-313e-47ef-882f-3feaddd22d58,Thue Christiansen,/css/images/INAT-dukke-lys.jpg,Siumut,Member of Inatsisartut,"",1979-05-01
fc383496-e530-4885-a020-d5fa1adb9e58,Jonathan Motzfeldt,/css/images/INAT-dukke-lys.jpg,Siumut,Member of Inatsisartut,jomo@gh.gl,1983-04-12
2cee0ddf-2e20-4081-b816-0020a37b9743,Hendrik Nielsen,/css/images/INAT-dukke-lys.jpg,Siumut,Member of Inatsisartut,"",1983-04-12
98910cf1-54f9-41a4-8b16-3de553fc004c,Aage Hammeken,/media/2316307/INAT-dukke-lys.jpg,Siumut,Member of Inatsisartut,"",1983-04-12
34bb9b65-82bf-4190-b07a-a04b2f96cb61,Allan Idd Jensen,/css/images/INAT-dukke-lys.jpg,Atassut,Member of Inatsisartut,"",1983-04-12
d2d87db5-bf3a-41bf-b2aa-69e1d09d17ed,Anguteraq Davidsen,/css/images/INAT-dukke-lys.jpg,Atassut,Member of Inatsisartut,"",1983-04-12
d4d89d13-2f6a-4567-90fa-53486b4e5b1d,Aqqaluk Lynge,/css/images/INAT-dukke-lys.jpg,Inuit Ataqatigiit,Member of Inatsisartut,"",1983-04-12
aac4aa2c-bbf5-4d21-87e9-ca2e3ac9783b,Bent Frederiksen,/css/images/INAT-dukke-lys.jpg,Siumut,Member of Inatsisartut,"",1983-04-12
248530f3-6690-46be-9168-eb91f191dc7e,Hans Iversen,/css/images/INAT-dukke-lys.jpg,Siumut,Member of Inatsisartut,"",1983-04-12
1cbbc767-aa7e-4a35-8f4c-6366be03fab7,Hans Pvia Rosing,/css/images/INAT-dukke-lys.jpg,Siumut,Member of Inatsisartut,"",1983-04-12
1e0e8a3a-fdaf-4f23-a74e-3bc1b4ba8b31,Holger Sivertsen,/css/images/INAT-dukke-lys.jpg,Atassut,Member of Inatsisartut,"",1983-04-12
0168396f-acc0-4681-aa89-0ad784ee8a95,Ingvar Høegh,/css/images/INAT-dukke-lys.jpg,Atassut,Member of Inatsisartut,"",1983-04-12
4bd59647-b38a-4c65-8e62-779024f2d26e,Isak Lund,/css/images/INAT-dukke-lys.jpg,Siumut,Member of Inatsisartut,"",1983-04-12
038ce71d-52d3-4093-a2a1-897947764e12,Jakob Sivertsen,/css/images/INAT-dukke-lys.jpg,Atassut,Member of Inatsisartut,"",1983-04-12
fb8105bb-969b-4d48-9460-854c15b5a85c,Konrad Steenholdt,/css/images/INAT-dukke-lys.jpg,Atassut,Member of Inatsisartut,"",1983-04-12
5777e11f-e768-459f-b372-04337c331d55,Lars Chemnitz,/css/images/INAT-dukke-lys.jpg,Atassut,Member of Inatsisartut,"",1983-04-12
89f4a64a-eab1-46c4-8caa-b9b33cf0cc7f,Lars-Emil Johansen,/media/753863/Lars-Emil Johansen - 07533.jpg,Siumut,Member of Inatsisartut,larsemil@inatsisartut.gl,1983-04-12
3073090e-ac00-4a11-8603-29be228a2e90,Moses Olsen,/css/images/INAT-dukke-lys.jpg,Siumut,Member of Inatsisartut,"",1983-04-12
9269121c-74cb-445a-8c81-b40677b326b4,Niels Carlo Heilmann,/css/images/INAT-dukke-lys.jpg,Atassut,Member of Inatsisartut,"",1983-04-12
77251343-2796-4e88-84fa-4b58503ca2d5,Otto Steenholdt,/css/images/INAT-dukke-lys.jpg,Atassut,Member of Inatsisartut,"",1983-04-12
e260a0b2-96f2-47b4-ac70-8251d9d0880c,Pavia Nielsen,/css/images/INAT-dukke-lys.jpg,Siumut,Member of Inatsisartut,"",1983-04-12
e7c37036-98af-4931-9061-90fd045cd582,Peter Ostermann,/css/images/INAT-dukke-lys.jpg,Atassut,Member of Inatsisartut,"",1983-04-12
7f942e8e-bb44-4e6d-b716-2409fa6306e3,Preben Lange,/css/images/INAT-dukke-lys.jpg,Siumut,Member of Inatsisartut,"",1983-04-12
8e35d10a-8c5b-42f1-b493-ef4070ce6b7f,Sofus Joelsen,/css/images/INAT-dukke-lys.jpg,Siumut,Member of Inatsisartut,"",1983-04-12
aac4aa2c-bbf5-4d21-87e9-ca2e3ac9783b,Bent Frederiksen,/css/images/INAT-dukke-lys.jpg,Siumut,Member of Inatsisartut,"",1984-06-06
248530f3-6690-46be-9168-eb91f191dc7e,Hans Iversen,/css/images/INAT-dukke-lys.jpg,Siumut,Member of Inatsisartut,"",1984-06-06
b25fd3c9-0bf5-4794-a9d5-36586a5dd978,Andreas Sanimuinnaq,/css/images/INAT-dukke-lys.jpg,Atassut,Member of Inatsisartut,"",1984-06-06
d4d89d13-2f6a-4567-90fa-53486b4e5b1d,Aqqaluk Lynge,/css/images/INAT-dukke-lys.jpg,Inuit Ataqatigiit,Member of Inatsisartut,"",1984-06-06
66c6f469-a716-4355-b8be-5e625e3fa16f,Emilie Lennert,/css/images/INAT-dukke-lys.jpg,Atassut,Member of Inatsisartut,"",1984-06-06
2cee0ddf-2e20-4081-b816-0020a37b9743,Hendrik Nielsen,/css/images/INAT-dukke-lys.jpg,Siumut,Member of Inatsisartut,"",1984-06-06
8143b42e-57ad-4742-836a-dd3803e898c2,Henriette Rasmussen,/css/images/INAT-dukke-lys.jpg,Inuit Ataqatigiit,Member of Inatsisartut,"",1984-06-06
1e0e8a3a-fdaf-4f23-a74e-3bc1b4ba8b31,Holger Sivertsen,/css/images/INAT-dukke-lys.jpg,Atassut,Member of Inatsisartut,"",1984-06-06
0168396f-acc0-4681-aa89-0ad784ee8a95,Ingvar Høegh,/css/images/INAT-dukke-lys.jpg,Atassut,Member of Inatsisartut,"",1984-06-06
4bd59647-b38a-4c65-8e62-779024f2d26e,Isak Lund,/css/images/INAT-dukke-lys.jpg,Siumut,Member of Inatsisartut,"",1984-06-06
038ce71d-52d3-4093-a2a1-897947764e12,Jakob Sivertsen,/css/images/INAT-dukke-lys.jpg,Atassut,Member of Inatsisartut,"",1984-06-06
612455d1-5a9a-4fff-8e10-90f50fd2edf3,Jan Str. Christophersen,/css/images/INAT-dukke-lys.jpg,Atassut,Member of Inatsisartut,"",1984-06-06
82678096-dac6-481a-a981-8a47b2afa750,Jens Lyberth,/css/images/INAT-dukke-lys.jpg,Siumut,Member of Inatsisartut,"",1984-06-06
fce3ad36-cac6-4b9b-b461-acba5de49901,Jens Geisler,/css/images/INAT-dukke-lys.jpg,Inuit Ataqatigiit,Member of Inatsisartut,"",1984-06-06
fc383496-e530-4885-a020-d5fa1adb9e58,Jonathan Motzfeldt,/css/images/INAT-dukke-lys.jpg,Siumut,Member of Inatsisartut,jomo@gh.gl,1984-06-06
a13ab224-3c15-457a-8044-4fa38bd62385,Knud Sørensen,/css/images/INAT-dukke-lys.jpg,Atassut,Member of Inatsisartut,"",1984-06-06
fb8105bb-969b-4d48-9460-854c15b5a85c,Konrad Steenholdt,/css/images/INAT-dukke-lys.jpg,Atassut,Member of Inatsisartut,"",1984-06-06
89f4a64a-eab1-46c4-8caa-b9b33cf0cc7f,Lars-Emil Johansen,/media/753863/Lars-Emil Johansen - 07533.jpg,Siumut,Member of Inatsisartut,larsemil@inatsisartut.gl,1984-06-06
3073090e-ac00-4a11-8603-29be228a2e90,Moses Olsen,/css/images/INAT-dukke-lys.jpg,Siumut,Member of Inatsisartut,"",1984-06-06
9269121c-74cb-445a-8c81-b40677b326b4,Niels Carlo Heilmann,/css/images/INAT-dukke-lys.jpg,Atassut,Member of Inatsisartut,"",1984-06-06
77251343-2796-4e88-84fa-4b58503ca2d5,Otto Steenholdt,/css/images/INAT-dukke-lys.jpg,Atassut,Member of Inatsisartut,"",1984-06-06
e260a0b2-96f2-47b4-ac70-8251d9d0880c,Pavia Nielsen,/css/images/INAT-dukke-lys.jpg,Siumut,Member of Inatsisartut,"",1984-06-06
e7c37036-98af-4931-9061-90fd045cd582,Peter Ostermann,/css/images/INAT-dukke-lys.jpg,Atassut,Member of Inatsisartut,"",1984-06-06
7f942e8e-bb44-4e6d-b716-2409fa6306e3,Preben Lange,/css/images/INAT-dukke-lys.jpg,Siumut,Member of Inatsisartut,"",1984-06-06
f5edbf93-3560-456a-bbb8-579e3731e39c,Uusaqqak Qujaukitsoq,/media/2316160/INAT-dukke-lys.jpg,Siumut,Member of Inatsisartut,"",1984-06-06
fc383496-e530-4885-a020-d5fa1adb9e58,Jonathan Motzfeldt,/css/images/INAT-dukke-lys.jpg,Siumut,Member of Inatsisartut,jomo@gh.gl,1987-05-26
2cee0ddf-2e20-4081-b816-0020a37b9743,Hendrik Nielsen,/css/images/INAT-dukke-lys.jpg,Siumut,Member of Inatsisartut,"",1987-05-26
d4d89d13-2f6a-4567-90fa-53486b4e5b1d,Aqqaluk Lynge,/css/images/INAT-dukke-lys.jpg,Inuit Ataqatigiit,Member of Inatsisartut,"",1987-05-26
aac4aa2c-bbf5-4d21-87e9-ca2e3ac9783b,Bent Frederiksen,/css/images/INAT-dukke-lys.jpg,Siumut,Member of Inatsisartut,"",1987-05-26
23877afa-791e-4d5b-bfca-636aed22111c,Godmand Jensen,/css/images/INAT-dukke-lys.jpg,Atassut,Member of Inatsisartut,"",1987-05-26
248530f3-6690-46be-9168-eb91f191dc7e,Hans Iversen,/css/images/INAT-dukke-lys.jpg,Siumut,Member of Inatsisartut,"",1987-05-26
8143b42e-57ad-4742-836a-dd3803e898c2,Henriette Rasmussen,/css/images/INAT-dukke-lys.jpg,Inuit Ataqatigiit,Member of Inatsisartut,"",1987-05-26
1e0e8a3a-fdaf-4f23-a74e-3bc1b4ba8b31,Holger Sivertsen,/css/images/INAT-dukke-lys.jpg,Atassut,Member of Inatsisartut,"",1987-05-26
038ce71d-52d3-4093-a2a1-897947764e12,Jakob Sivertsen,/css/images/INAT-dukke-lys.jpg,Atassut,Member of Inatsisartut,"",1987-05-26
fce3ad36-cac6-4b9b-b461-acba5de49901,Jens Geisler,/css/images/INAT-dukke-lys.jpg,Inuit Ataqatigiit,Member of Inatsisartut,"",1987-05-26
82678096-dac6-481a-a981-8a47b2afa750,Jens Lyberth,/css/images/INAT-dukke-lys.jpg,Siumut,Member of Inatsisartut,"",1987-05-26
32877771-0936-47ab-8dbf-892b691852b7,Jonas Danielsen,/css/images/INAT-dukke-lys.jpg,Siumut,Member of Inatsisartut,"",1987-05-26
14d3e3e4-db78-4f38-a416-bd108fd6d254,Josef Motzfeldt,/media/234511/2010.09.17 Start EM 2010 00881.jpg,Inuit Ataqatigiit,Member of Inatsisartut,tuusi@inatsisartut.gl,1987-05-26
a13ab224-3c15-457a-8044-4fa38bd62385,Knud Sørensen,/css/images/INAT-dukke-lys.jpg,Atassut,Member of Inatsisartut,"",1987-05-26
fb8105bb-969b-4d48-9460-854c15b5a85c,Konrad Steenholdt,/css/images/INAT-dukke-lys.jpg,Atassut,Member of Inatsisartut,"",1987-05-26
5777e11f-e768-459f-b372-04337c331d55,Lars Chemnitz,/css/images/INAT-dukke-lys.jpg,Atassut,Member of Inatsisartut,"",1987-05-26
89f4a64a-eab1-46c4-8caa-b9b33cf0cc7f,Lars-Emil Johansen,/media/753863/Lars-Emil Johansen - 07533.jpg,Siumut,Member of Inatsisartut,larsemil@inatsisartut.gl,1987-05-26
af6ddf03-b6ae-4bdd-8804-eecf3fe79e1e,Mikael Petersen,/css/images/INAT-dukke-lys.jpg,Siumut,Member of Inatsisartut,"",1987-05-26
3073090e-ac00-4a11-8603-29be228a2e90,Moses Olsen,/css/images/INAT-dukke-lys.jpg,Siumut,Member of Inatsisartut,"",1987-05-26
9269121c-74cb-445a-8c81-b40677b326b4,Niels Carlo Heilmann,/css/images/INAT-dukke-lys.jpg,Atassut,Member of Inatsisartut,"",1987-05-26
00ca3d62-659e-41a9-9087-740d65ffdb88,Nikolaj Heinrich,/css/images/INAT-dukke-lys.jpg,Issittup Partiia,Member of Inatsisartut,"",1987-05-26
77251343-2796-4e88-84fa-4b58503ca2d5,Otto Steenholdt,/css/images/INAT-dukke-lys.jpg,Atassut,Member of Inatsisartut,"",1987-05-26
e7c37036-98af-4931-9061-90fd045cd582,Peter Ostermann,/css/images/INAT-dukke-lys.jpg,Atassut,Member of Inatsisartut,"",1987-05-26
7f942e8e-bb44-4e6d-b716-2409fa6306e3,Preben Lange,/css/images/INAT-dukke-lys.jpg,Siumut,Member of Inatsisartut,"",1987-05-26
1bfe3326-8799-4160-9c24-44a2baf3a6a8,Torben Emil Lynge,/media/2316111/INAT-dukke-lys.jpg,Atassut,Member of Inatsisartut,"",1987-05-26
f5edbf93-3560-456a-bbb8-579e3731e39c,Uusaqqak Qujaukitsoq,/media/2316160/INAT-dukke-lys.jpg,Siumut,Member of Inatsisartut,"",1987-05-26
aac4aa2c-bbf5-4d21-87e9-ca2e3ac9783b,Bent Frederiksen,/css/images/INAT-dukke-lys.jpg,Siumut,Member of Inatsisartut,"",1991-03-05
a6f7857d-4db3-45ce-a3ae-9abadee653a9,Ane Sofie Hammeken,/css/images/INAT-dukke-lys.jpg,Siumut,Member of Inatsisartut,"",1991-03-05
b2149822-dcfc-4f18-a811-86d6b72d3274,Agnethe Nielsen,/css/images/INAT-dukke-lys.jpg,Atassut,Member of Inatsisartut,"",1991-03-05
d4d89d13-2f6a-4567-90fa-53486b4e5b1d,Aqqaluk Lynge,/css/images/INAT-dukke-lys.jpg,Inuit Ataqatigiit,Member of Inatsisartut,"",1991-03-05
7c6ff336-22f6-4e4a-9edd-fd08151a64ac,Bjarne Kreutzmann,/css/images/INAT-dukke-lys.jpg,Akulliit Partiiat,Member of Inatsisartut,"",1991-03-05
11e9dbf4-f713-4404-8c2f-3c0eb413921c,Emil Abelsen,/css/images/INAT-dukke-lys.jpg,Siumut,Member of Inatsisartut,"",1991-03-05
66c6f469-a716-4355-b8be-5e625e3fa16f,Emilie Lennert,/css/images/INAT-dukke-lys.jpg,Atassut,Member of Inatsisartut,"",1991-03-05
248530f3-6690-46be-9168-eb91f191dc7e,Hans Iversen,/css/images/INAT-dukke-lys.jpg,Siumut,Member of Inatsisartut,"",1991-03-05
c6e11854-8aab-48a3-872c-1b499a141fe9,Hans Pavia Egede,/css/images/INAT-dukke-lys.jpg,Akulliit Partiiat,Member of Inatsisartut,"",1991-03-05
8143b42e-57ad-4742-836a-dd3803e898c2,Henriette Rasmussen,/css/images/INAT-dukke-lys.jpg,Inuit Ataqatigiit,Member of Inatsisartut,"",1991-03-05
038ce71d-52d3-4093-a2a1-897947764e12,Jakob Sivertsen,/css/images/INAT-dukke-lys.jpg,Atassut,Member of Inatsisartut,"",1991-03-05
438c3002-1e82-45fc-a270-bb0a0aaad6f6,Johan Lund Olsen,/css/images/INAT-dukke-lys.jpg,Inuit Ataqatigiit,Member of Inatsisartut,johan@gh.gl,1991-03-05
fc383496-e530-4885-a020-d5fa1adb9e58,Jonathan Motzfeldt,/css/images/INAT-dukke-lys.jpg,Siumut,Member of Inatsisartut,jomo@gh.gl,1991-03-05
14d3e3e4-db78-4f38-a416-bd108fd6d254,Josef Motzfeldt,/media/234511/2010.09.17 Start EM 2010 00881.jpg,Inuit Ataqatigiit,Member of Inatsisartut,tuusi@inatsisartut.gl,1991-03-05
1ca0a131-bbab-4690-85b9-522718a3c446,Kaj Egede,/css/images/INAT-dukke-lys.jpg,Siumut,Member of Inatsisartut,"",1991-03-05
a13ab224-3c15-457a-8044-4fa38bd62385,Knud Sørensen,/css/images/INAT-dukke-lys.jpg,Atassut,Member of Inatsisartut,"",1991-03-05
fb8105bb-969b-4d48-9460-854c15b5a85c,Konrad Steenholdt,/css/images/INAT-dukke-lys.jpg,Atassut,Member of Inatsisartut,"",1991-03-05
5777e11f-e768-459f-b372-04337c331d55,Lars Chemnitz,/css/images/INAT-dukke-lys.jpg,Atassut,Member of Inatsisartut,"",1991-03-05
89f4a64a-eab1-46c4-8caa-b9b33cf0cc7f,Lars-Emil Johansen,/media/753863/Lars-Emil Johansen - 07533.jpg,Siumut,Member of Inatsisartut,larsemil@inatsisartut.gl,1991-03-05
00ca3d62-659e-41a9-9087-740d65ffdb88,Nikolaj Heinrich,/css/images/INAT-dukke-lys.jpg,Issittup Partiia,Member of Inatsisartut,"",1991-03-05
ef1f251b-0713-4662-86de-d16759dc0377,Ole Lynge,/css/images/INAT-dukke-lys.jpg,Inuit Ataqatigiit,Member of Inatsisartut,"",1991-03-05
77251343-2796-4e88-84fa-4b58503ca2d5,Otto Steenholdt,/css/images/INAT-dukke-lys.jpg,Atassut,Member of Inatsisartut,"",1991-03-05
23707f00-91c0-4d72-a3f5-5b0af6c02f91,Ove Rosing-Olsen,/css/images/INAT-dukke-lys.jpg,Siumut,Member of Inatsisartut,"",1991-03-05
e260a0b2-96f2-47b4-ac70-8251d9d0880c,Pavia Nielsen,/css/images/INAT-dukke-lys.jpg,Siumut,Member of Inatsisartut,"",1991-03-05
e7c37036-98af-4931-9061-90fd045cd582,Peter Ostermann,/css/images/INAT-dukke-lys.jpg,Atassut,Member of Inatsisartut,"",1991-03-05
6844b6df-9e6a-43fb-9276-45e1a9f52d70,Peter G. Samuelsen,/css/images/INAT-dukke-lys.jpg,Siumut,Member of Inatsisartut,"",1991-03-05
f5edbf93-3560-456a-bbb8-579e3731e39c,Uusaqqak Qujaukitsoq,/media/2316160/INAT-dukke-lys.jpg,Siumut,Member of Inatsisartut,"",1991-03-05
89f4a64a-eab1-46c4-8caa-b9b33cf0cc7f,Lars-Emil Johansen,/media/753863/Lars-Emil Johansen - 07533.jpg,Siumut,Member of Inatsisartut,larsemil@inatsisartut.gl,1995-03-04
fc383496-e530-4885-a020-d5fa1adb9e58,Jonathan Motzfeldt,/css/images/INAT-dukke-lys.jpg,Siumut,Member of Inatsisartut,jomo@gh.gl,1995-03-04
1085988d-e712-46f2-95d9-633559874286,Agnethe Davidsen,/css/images/INAT-dukke-lys.jpg,Siumut,Member of Inatsisartut,"",1995-03-04
d91e030d-c731-467e-bf07-b3b0b5fb9316,Anders Nilsson,/css/images/INAT-dukke-lys.jpg,Atassut,Member of Inatsisartut,"",1995-03-04
1d2b8674-da01-43c0-a8af-521296160406,Anders Andreassen,/css/images/INAT-dukke-lys.jpg,Siumut,Member of Inatsisartut,"",1995-03-04
2e8ad049-e92d-4122-ac72-0e67f417385e,Anthon Frederiksen,/media/234539/2010.09.17 Start EM 2010 00946.jpg,Kandidatforbund,Member of Inatsisartut,antuut@inatsisartut.gl,1995-03-04
7c6ff336-22f6-4e4a-9edd-fd08151a64ac,Bjarne Kreutzmann,/css/images/INAT-dukke-lys.jpg,Akulliit Partiiat,Member of Inatsisartut,"",1995-03-04
d86bd2fa-68af-4007-914e-bfea44cde83f,Daniel Skifte,/css/images/INAT-dukke-lys.jpg,Atassut,Member of Inatsisartut,"",1995-03-04
7dca92b8-aa18-4d28-8807-dd1627870d19,Finn Karlsen,/media/234423/2010.09.17 Start EM 2010 00928.jpg,Atassut,Member of Inatsisartut,fika@nanoq.gl,1995-03-04
0a343a11-29ab-4706-8334-d759ccb0e9cc,Hans Enoksen,/media/298458/untitled-6.jpg,Siumut,Member of Inatsisartut,hans@inatsisartut.gl,1995-03-04
038ce71d-52d3-4093-a2a1-897947764e12,Jakob Sivertsen,/css/images/INAT-dukke-lys.jpg,Atassut,Member of Inatsisartut,"",1995-03-04
192bf56b-359b-4d28-b88e-b572e76fb6f4,Jens Napaattooq,/css/images/INAT-dukke-lys.jpg,Inuit Ataqatigiit,Member of Inatsisartut,"",1995-03-04
438c3002-1e82-45fc-a270-bb0a0aaad6f6,Johan Lund Olsen,/css/images/INAT-dukke-lys.jpg,Inuit Ataqatigiit,Member of Inatsisartut,johan@gh.gl,1995-03-04
14d3e3e4-db78-4f38-a416-bd108fd6d254,Josef Motzfeldt,/media/234511/2010.09.17 Start EM 2010 00881.jpg,Inuit Ataqatigiit,Member of Inatsisartut,tuusi@inatsisartut.gl,1995-03-04
64b78a9c-6558-4a89-ab95-b44ace018602,Karl Lyberth,/media/762432/Karl_Lyberth.jpg,Akulliit Partiiat,Member of Inatsisartut,karll@inatsisartut.gl,1995-03-04
a13ab224-3c15-457a-8044-4fa38bd62385,Knud Sørensen,/css/images/INAT-dukke-lys.jpg,Atassut,Member of Inatsisartut,"",1995-03-04
fb8105bb-969b-4d48-9460-854c15b5a85c,Konrad Steenholdt,/css/images/INAT-dukke-lys.jpg,Atassut,Member of Inatsisartut,"",1995-03-04
208a0c39-5b08-475f-b26e-a99921c799f9,Kristine Raahauge,/css/images/INAT-dukke-lys.jpg,Siumut,Member of Inatsisartut,"",1995-03-04
586d288f-5469-48b7-a523-fa8962f19c6b,Kuupik Vandersee Kleist,/media/234472/2010.09.17 Start EM 2010 00948.jpg,Inuit Ataqatigiit,Member of Inatsisartut,kuupik@inatsisartut.gl,1995-03-04
91e5609b-82df-415f-b9ad-da6b3132fe63,Lars Sørensen,/css/images/INAT-dukke-lys.jpg,Inuit Ataqatigiit,Member of Inatsisartut,"",1995-03-04
5fdf8833-8f6f-4aaf-beac-2701c7732ccb,Lars Karl Jensen,/css/images/INAT-dukke-lys.jpg,Siumut,Member of Inatsisartut,"",1995-03-04
e47e6e43-64e4-4ca2-8f03-5529c00d0f42,Malînànguak´M. Mølgaard,/css/images/INAT-dukke-lys.jpg,Inuit Ataqatigiit,Member of Inatsisartut,"",1995-03-04
eee0c85e-9d09-46c6-9fd1-ddd6afec1c90,Marianne Jensen,/css/images/INAT-dukke-lys.jpg,Siumut,Member of Inatsisartut,"",1995-03-04
af6ddf03-b6ae-4bdd-8804-eecf3fe79e1e,Mikael Petersen,/css/images/INAT-dukke-lys.jpg,Siumut,Member of Inatsisartut,"",1995-03-04
10beb4e5-b773-4bc1-8230-28ddab3b5bca,Naimanngitsoq Petersen,/css/images/INAT-dukke-lys.jpg,Atassut,Member of Inatsisartut,"",1995-03-04
b2364148-3a12-4798-9c91-eec1bdfae854,Niels Màtâk´,/css/images/INAT-dukke-lys.jpg,Siumut,Member of Inatsisartut,"",1995-03-04
77251343-2796-4e88-84fa-4b58503ca2d5,Otto Steenholdt,/css/images/INAT-dukke-lys.jpg,Atassut,Member of Inatsisartut,"",1995-03-04
e7c37036-98af-4931-9061-90fd045cd582,Peter Ostermann,/css/images/INAT-dukke-lys.jpg,Atassut,Member of Inatsisartut,"",1995-03-04
6844b6df-9e6a-43fb-9276-45e1a9f52d70,Peter G. Samuelsen,/css/images/INAT-dukke-lys.jpg,Siumut,Member of Inatsisartut,"",1995-03-04
725ab873-8dea-4525-8fd2-420b7045fdf2,Ruth Heilmann,/media/234528/2010.09.17 Start EM 2010 00940.jpg,Siumut,Member of Inatsisartut,ruth@inatsisartut.gl,1995-03-04
8eaeee00-a2e7-4cc0-951a-c0a8ca81ae45,Siverth Karl Heilmann,/media/234533/2010.09.17 Start EM 2010 00891.jpg,Atassut,Member of Inatsisartut,skhe@inatsisartut.gl,1995-03-04
1d2b8674-da01-43c0-a8af-521296160406,Anders Andreassen,/css/images/INAT-dukke-lys.jpg,Siumut,Member of Inatsisartut,"",1999-02-16
0a343a11-29ab-4706-8334-d759ccb0e9cc,Hans Enoksen,/media/298458/untitled-6.jpg,Siumut,Member of Inatsisartut,hans@inatsisartut.gl,1999-02-16
d91e030d-c731-467e-bf07-b3b0b5fb9316,Anders Nilsson,/css/images/INAT-dukke-lys.jpg,Atassut,Member of Inatsisartut,"",1999-02-16
2e8ad049-e92d-4122-ac72-0e67f417385e,Anthon Frederiksen,/media/234539/2010.09.17 Start EM 2010 00946.jpg,Kattusseqatigiit,Member of Inatsisartut,antuut@inatsisartut.gl,1999-02-16
046e1756-1991-48e2-9872-bbf1d3d151fb,Asii Chemnitz Narup,/css/images/INAT-dukke-lys.jpg,Inuit Ataqatigiit,Member of Inatsisartut,"",1999-02-16
5b658c8b-a794-491f-9f20-a5472e2f0189,Augusta Salling,/css/images/INAT-dukke-lys.jpg,Atassut,Member of Inatsisartut,aus@gh.gl,1999-02-16
d86bd2fa-68af-4007-914e-bfea44cde83f,Daniel Skifte,/css/images/INAT-dukke-lys.jpg,Atassut,Member of Inatsisartut,"",1999-02-16
7dca92b8-aa18-4d28-8807-dd1627870d19,Finn Karlsen,/media/234423/2010.09.17 Start EM 2010 00928.jpg,Atassut,Member of Inatsisartut,fika@nanoq.gl,1999-02-16
76cc0efc-6544-4053-98fa-45237ad3e5ee,Godmand Rasmussen,/css/images/INAT-dukke-lys.jpg,Atassut,Member of Inatsisartut,"",1999-02-16
6793d6ce-9c72-4dd9-b03e-336334545248,Jørgen W. Johansen,/css/images/INAT-dukke-lys.jpg,Siumut,Member of Inatsisartut,"",1999-02-16
038ce71d-52d3-4093-a2a1-897947764e12,Jakob Sivertsen,/css/images/INAT-dukke-lys.jpg,Atassut,Member of Inatsisartut,"",1999-02-16
438c3002-1e82-45fc-a270-bb0a0aaad6f6,Johan Lund Olsen,/css/images/INAT-dukke-lys.jpg,Inuit Ataqatigiit,Member of Inatsisartut,johan@gh.gl,1999-02-16
fc383496-e530-4885-a020-d5fa1adb9e58,Jonathan Motzfeldt,/css/images/INAT-dukke-lys.jpg,Siumut,Member of Inatsisartut,jomo@gh.gl,1999-02-16
14d3e3e4-db78-4f38-a416-bd108fd6d254,Josef Motzfeldt,/media/234511/2010.09.17 Start EM 2010 00881.jpg,Inuit Ataqatigiit,Member of Inatsisartut,tuusi@inatsisartut.gl,1999-02-16
91e5609b-82df-415f-b9ad-da6b3132fe63,Lars Sørensen,/css/images/INAT-dukke-lys.jpg,Inuit Ataqatigiit,Member of Inatsisartut,"",1999-02-16
5fdf8833-8f6f-4aaf-beac-2701c7732ccb,Lars Karl Jensen,/css/images/INAT-dukke-lys.jpg,Siumut,Member of Inatsisartut,"",1999-02-16
f98a162a-923a-4a2c-98ad-114448aa668e,Loritha Henriksen,/css/images/INAT-dukke-lys.jpg,Kattusseqatigiit,Member of Inatsisartut,loritha@inatsisartut.gl,1999-02-16
82c43cc2-bca0-4366-8626-247438477715,Mads Peter Grønvold,/css/images/INAT-dukke-lys.jpg,Kattusseqatigiit,Member of Inatsisartut,"",1999-02-16
e47e6e43-64e4-4ca2-8f03-5529c00d0f42,Malînànguak´M. Mølgaard,/css/images/INAT-dukke-lys.jpg,Inuit Ataqatigiit,Member of Inatsisartut,"",1999-02-16
af6ddf03-b6ae-4bdd-8804-eecf3fe79e1e,Mikael Petersen,/css/images/INAT-dukke-lys.jpg,Siumut,Member of Inatsisartut,"",1999-02-16
8a750029-5a8f-466a-bc26-891f9ab1b640,Mogens Kleist,/css/images/INAT-dukke-lys.jpg,Kattusseqatigiit,Member of Inatsisartut,"",1999-02-16
ef1f251b-0713-4662-86de-d16759dc0377,Ole Lynge,/css/images/INAT-dukke-lys.jpg,Inuit Ataqatigiit,Member of Inatsisartut,"",1999-02-16
290fb8a2-a0d2-4c14-a4c7-934305556d47,Olga P. Berthelsen,/media/302742/untitled.jpg,Inuit Ataqatigiit,Member of Inatsisartut,olpe@inatsisartut.gl,1999-02-16
77251343-2796-4e88-84fa-4b58503ca2d5,Otto Steenholdt,/css/images/INAT-dukke-lys.jpg,Atassut,Member of Inatsisartut,"",1999-02-16
5288ec08-f33e-443a-aa3a-70f6db7d03ec,Per Berthelsen,/media/234529/2010.09.17 Start EM 2010 00930.jpg,Siumut,Member of Inatsisartut,pebe@inatsisartut.gl,1999-02-16
cd268a98-08f2-4fb9-97da-e039144df925,Per Rosing-Petersen,/media/2461609/Per Rosing Petersen 2014.12 - 15506.jpg,Enkeltkandidat,Member of Inatsisartut,perrp@inatsisartut.gl,1999-02-16
725ab873-8dea-4525-8fd2-420b7045fdf2,Ruth Heilmann,/media/234528/2010.09.17 Start EM 2010 00940.jpg,Siumut,Member of Inatsisartut,ruth@inatsisartut.gl,1999-02-16
14e54487-9593-404d-99ab-cc1d0863e8ef,Simon Olsen,/css/images/INAT-dukke-lys.jpg,Siumut,Member of Inatsisartut,"",1999-02-16
8eaeee00-a2e7-4cc0-951a-c0a8ca81ae45,Siverth Karl Heilmann,/media/234533/2010.09.17 Start EM 2010 00891.jpg,Atassut,Member of Inatsisartut,skhe@inatsisartut.gl,1999-02-16
fd455b84-375e-4219-81b6-b3990f8bc610,Tommy Marø,/css/images/INAT-dukke-lys.jpg,Siumut,Member of Inatsisartut,toma@gh.gl,1999-02-16
06802a88-b0b5-48d2-8010-cff06671e892,Vittus Mikaelsen,/media/2316209/INAT-dukke-lys.jpg,Siumut,Member of Inatsisartut,"",1999-02-16
0a343a11-29ab-4706-8334-d759ccb0e9cc,Hans Enoksen,/media/298458/untitled-6.jpg,Siumut,Member of Inatsisartut,hans@inatsisartut.gl,2002-12-03
fc383496-e530-4885-a020-d5fa1adb9e58,Jonathan Motzfeldt,/css/images/INAT-dukke-lys.jpg,Siumut,Member of Inatsisartut,jomo@gh.gl,2002-12-03
56b7da86-b9c7-4fcd-bd04-f980cde7d4c5,Agathe Fontain,/media/234537/2010.09.17 Start EM 2010 00896.jpg,Inuit Ataqatigiit,Member of Inatsisartut,agathe@inatsisartut.gl,2002-12-03
16ae4426-69c2-490c-8aa1-37b963d04ba6,Ane Hansen,/media/234538/2010.09.17 Start EM 2010 00903.jpg,Inuit Ataqatigiit,Member of Inatsisartut,aneh@inatsisartut.gl,2002-12-03
2e8ad049-e92d-4122-ac72-0e67f417385e,Anthon Frederiksen,/media/234539/2010.09.17 Start EM 2010 00946.jpg,Kattusseqatigiit,Member of Inatsisartut,antuut@inatsisartut.gl,2002-12-03
d4d89d13-2f6a-4567-90fa-53486b4e5b1d,Aqqaluk Lynge,/css/images/INAT-dukke-lys.jpg,Inuit Ataqatigiit,Member of Inatsisartut,"",2002-12-03
046e1756-1991-48e2-9872-bbf1d3d151fb,Asii Chemnitz Narup,/css/images/INAT-dukke-lys.jpg,Inuit Ataqatigiit,Member of Inatsisartut,"",2002-12-03
38743268-3de9-41b2-8844-2844e7d64316,Astrid Fleischer Rex,/media/234413/2010.09.17 Start EM 2010 00912.jpg,Demokraatit,Member of Inatsisartut,asfl@inatsisartut.gl,2002-12-03
5b658c8b-a794-491f-9f20-a5472e2f0189,Augusta Salling,/css/images/INAT-dukke-lys.jpg,Atassut,Member of Inatsisartut,aus@gh.gl,2002-12-03
5ae7ca97-57f2-4bb5-9416-1b0fb3fc1413,Doris Jakobsen,/media/293877/untitled-5.jpg,Siumut,Member of Inatsisartut,doja@nanoq.gl,2002-12-03
cec0b7b7-48a5-4f53-91aa-35699ad153d6,Ellen Christoffersen,/css/images/INAT-dukke-lys.jpg,Atassut,Member of Inatsisartut,ekri@gh.gl,2002-12-03
28a6fb33-78f1-4606-b336-d1bb5b75a0ed,Enos Lyberth,/css/images/INAT-dukke-lys.jpg,Siumut,Member of Inatsisartut,"",2002-12-03
7dca92b8-aa18-4d28-8807-dd1627870d19,Finn Karlsen,/media/234423/2010.09.17 Start EM 2010 00928.jpg,Atassut,Member of Inatsisartut,fika@nanoq.gl,2002-12-03
8143b42e-57ad-4742-836a-dd3803e898c2,Henriette Rasmussen,/css/images/INAT-dukke-lys.jpg,Inuit Ataqatigiit,Member of Inatsisartut,"",2002-12-03
6b761913-5b1c-44f5-a02f-3aa72f788dc8,Isak Davidsen,/css/images/INAT-dukke-lys.jpg,Atassut,Member of Inatsisartut,isda@gh.gl,2002-12-03
6793d6ce-9c72-4dd9-b03e-336334545248,Jørgen W. Johansen,/css/images/INAT-dukke-lys.jpg,Siumut,Member of Inatsisartut,"",2002-12-03
038ce71d-52d3-4093-a2a1-897947764e12,Jakob Sivertsen,/css/images/INAT-dukke-lys.jpg,Atassut,Member of Inatsisartut,"",2002-12-03
192bf56b-359b-4d28-b88e-b572e76fb6f4,Jens Napaattooq,/css/images/INAT-dukke-lys.jpg,Siumut,Member of Inatsisartut,"",2002-12-03
dddfd9a3-4fbb-4626-8165-4344bc38a986,Jensine Berthelsen,/css/images/INAT-dukke-lys.jpg,Atassut,Member of Inatsisartut,"",2002-12-03
438c3002-1e82-45fc-a270-bb0a0aaad6f6,Johan Lund Olsen,/css/images/INAT-dukke-lys.jpg,Inuit Ataqatigiit,Member of Inatsisartut,johan@gh.gl,2002-12-03
14d3e3e4-db78-4f38-a416-bd108fd6d254,Josef Motzfeldt,/media/234511/2010.09.17 Start EM 2010 00881.jpg,Inuit Ataqatigiit,Member of Inatsisartut,tuusi@inatsisartut.gl,2002-12-03
586d288f-5469-48b7-a523-fa8962f19c6b,Kuupik Vandersee Kleist,/media/234472/2010.09.17 Start EM 2010 00948.jpg,Inuit Ataqatigiit,Member of Inatsisartut,kuupik@inatsisartut.gl,2002-12-03
4853a5fa-67af-48be-8cfc-89fdc8893b16,Marie Fleischer,/css/images/INAT-dukke-lys.jpg,Demokraatit,Member of Inatsisartut,mafl@gh.gl,2002-12-03
af6ddf03-b6ae-4bdd-8804-eecf3fe79e1e,Mikael Petersen,/css/images/INAT-dukke-lys.jpg,Siumut,Member of Inatsisartut,"",2002-12-03
7874beca-0c15-47d4-8608-d16a0e65889d,Ole Dorph,/css/images/INAT-dukke-lys.jpg,Siumut,Member of Inatsisartut,"",2002-12-03
3f1b88c5-1f5a-422f-8771-b7462abf3b11,Otto Jeremiassen,/css/images/INAT-dukke-lys.jpg,Atassut,Member of Inatsisartut,otje@gh.gl,2002-12-03
af3c4c0d-98be-44f0-b8d6-be662c513d9d,Palle Christiansen,/media/234434/2010.09.17 Start EM 2010 00913.jpg,Demokraatit,Member of Inatsisartut,palle@inatsisartut.gl,2002-12-03
5288ec08-f33e-443a-aa3a-70f6db7d03ec,Per Berthelsen,/media/234529/2010.09.17 Start EM 2010 00930.jpg,Demokraatit,Member of Inatsisartut,pebe@inatsisartut.gl,2002-12-03
ff132a78-a26e-428e-a4ad-153c8c35a120,Per Skaaning,/css/images/INAT-dukke-lys.jpg,Demokraatit,Member of Inatsisartut,"",2002-12-03
725ab873-8dea-4525-8fd2-420b7045fdf2,Ruth Heilmann,/media/234528/2010.09.17 Start EM 2010 00940.jpg,Siumut,Member of Inatsisartut,ruth@inatsisartut.gl,2002-12-03
14e54487-9593-404d-99ab-cc1d0863e8ef,Simon Olsen,/css/images/INAT-dukke-lys.jpg,Siumut,Member of Inatsisartut,"",2002-12-03
0a343a11-29ab-4706-8334-d759ccb0e9cc,Hans Enoksen,/media/298458/untitled-6.jpg,Siumut,Member of Inatsisartut,hans@inatsisartut.gl,2005-11-15
5ae7ca97-57f2-4bb5-9416-1b0fb3fc1413,Doris Jakobsen,/media/293877/untitled-5.jpg,Siumut,Member of Inatsisartut,doja@nanoq.gl,2005-11-15
56b7da86-b9c7-4fcd-bd04-f980cde7d4c5,Agathe Fontain,/media/234537/2010.09.17 Start EM 2010 00896.jpg,Inuit Ataqatigiit,Member of Inatsisartut,agathe@inatsisartut.gl,2005-11-15
1085988d-e712-46f2-95d9-633559874286,Agnethe Davidsen,/css/images/INAT-dukke-lys.jpg,Siumut,Member of Inatsisartut,"",2005-11-15
b9cb526c-5685-49ff-b5c1-a2041c797dc7,Aleqa Hammond,/media/760992/Aleqa_Hammond.jpg,Siumut,Member of Inatsisartut,alha@inatsisartut.gl,2005-11-15
16ae4426-69c2-490c-8aa1-37b963d04ba6,Ane Hansen,/media/234538/2010.09.17 Start EM 2010 00903.jpg,Inuit Ataqatigiit,Member of Inatsisartut,aneh@inatsisartut.gl,2005-11-15
2e8ad049-e92d-4122-ac72-0e67f417385e,Anthon Frederiksen,/media/234539/2010.09.17 Start EM 2010 00946.jpg,Kattusseqatigiit,Member of Inatsisartut,antuut@inatsisartut.gl,2005-11-15
046e1756-1991-48e2-9872-bbf1d3d151fb,Asii Chemnitz Narup,/css/images/INAT-dukke-lys.jpg,Inuit Ataqatigiit,Member of Inatsisartut,"",2005-11-15
38743268-3de9-41b2-8844-2844e7d64316,Astrid Fleischer Rex,/media/234413/2010.09.17 Start EM 2010 00912.jpg,Demokraatit,Member of Inatsisartut,asfl@inatsisartut.gl,2005-11-15
5b658c8b-a794-491f-9f20-a5472e2f0189,Augusta Salling,/css/images/INAT-dukke-lys.jpg,Atassut,Member of Inatsisartut,aus@gh.gl,2005-11-15
cec0b7b7-48a5-4f53-91aa-35699ad153d6,Ellen Christoffersen,/css/images/INAT-dukke-lys.jpg,Atassut,Member of Inatsisartut,ekri@gh.gl,2005-11-15
7599e482-43ea-4e21-8ac1-d5cb021d1da1,Esmar Bergstrøm,/css/images/INAT-dukke-lys.jpg,Demokraatit,Member of Inatsisartut,esbe@gh.gl,2005-11-15
7dca92b8-aa18-4d28-8807-dd1627870d19,Finn Karlsen,/media/234423/2010.09.17 Start EM 2010 00928.jpg,Atassut,Member of Inatsisartut,fika@nanoq.gl,2005-11-15
76cc0efc-6544-4053-98fa-45237ad3e5ee,Godmand Rasmussen,/css/images/INAT-dukke-lys.jpg,Atassut,Member of Inatsisartut,"",2005-11-15
6793d6ce-9c72-4dd9-b03e-336334545248,Jørgen W. Johansen,/css/images/INAT-dukke-lys.jpg,Siumut,Member of Inatsisartut,"",2005-11-15
254b9da2-357a-4461-b1df-78568bbbd87e,Jens B. Frederiksen,/media/234540/2010.09.17 Start EM 2010 00943.jpg,Demokraatit,Member of Inatsisartut,jensbf@inatsisartut.gl,2005-11-15
438c3002-1e82-45fc-a270-bb0a0aaad6f6,Johan Lund Olsen,/css/images/INAT-dukke-lys.jpg,Inuit Ataqatigiit,Member of Inatsisartut,johan@gh.gl,2005-11-15
fc383496-e530-4885-a020-d5fa1adb9e58,Jonathan Motzfeldt,/css/images/INAT-dukke-lys.jpg,Siumut,Member of Inatsisartut,jomo@gh.gl,2005-11-15
14d3e3e4-db78-4f38-a416-bd108fd6d254,Josef Motzfeldt,/media/234511/2010.09.17 Start EM 2010 00881.jpg,Inuit Ataqatigiit,Member of Inatsisartut,tuusi@inatsisartut.gl,2005-11-15
f279638a-dd1c-4159-9aa4-767b43c2eeb2,Juliane Henningsen,/media/234488/2010.09.17 Start EM 2010 00898.jpg,Inuit Ataqatigiit,Member of Inatsisartut,jhen@inatsisartut.gl,2005-11-15
4d94f369-0455-4a8c-b73e-a709804f4257,Kim Kielsen,/media/234524/2010.09.17 Start EM 2010 00953.jpg,Siumut,Member of Inatsisartut,kim@nanoq.gl,2005-11-15
586d288f-5469-48b7-a523-fa8962f19c6b,Kuupik Vandersee Kleist,/media/234472/2010.09.17 Start EM 2010 00948.jpg,Inuit Ataqatigiit,Member of Inatsisartut,kuupik@inatsisartut.gl,2005-11-15
89f4a64a-eab1-46c4-8caa-b9b33cf0cc7f,Lars-Emil Johansen,/media/753863/Lars-Emil Johansen - 07533.jpg,Siumut,Member of Inatsisartut,larsemil@inatsisartut.gl,2005-11-15
494ee202-3fbb-474b-a5e3-5eff1e7665a7,Lene Knüppel,/css/images/INAT-dukke-lys.jpg,Demokraatit,Member of Inatsisartut,"",2005-11-15
4853a5fa-67af-48be-8cfc-89fdc8893b16,Marie Fleischer,/css/images/INAT-dukke-lys.jpg,Demokraatit,Member of Inatsisartut,mafl@gh.gl,2005-11-15
290fb8a2-a0d2-4c14-a4c7-934305556d47,Olga P. Berthelsen,/media/302742/untitled.jpg,Inuit Ataqatigiit,Member of Inatsisartut,olpe@inatsisartut.gl,2005-11-15
af3c4c0d-98be-44f0-b8d6-be662c513d9d,Palle Christiansen,/media/234434/2010.09.17 Start EM 2010 00913.jpg,Demokraatit,Member of Inatsisartut,palle@inatsisartut.gl,2005-11-15
5288ec08-f33e-443a-aa3a-70f6db7d03ec,Per Berthelsen,/media/234529/2010.09.17 Start EM 2010 00930.jpg,Demokraatit,Member of Inatsisartut,pebe@inatsisartut.gl,2005-11-15
725ab873-8dea-4525-8fd2-420b7045fdf2,Ruth Heilmann,/media/234528/2010.09.17 Start EM 2010 00940.jpg,Siumut,Member of Inatsisartut,ruth@inatsisartut.gl,2005-11-15
8eaeee00-a2e7-4cc0-951a-c0a8ca81ae45,Siverth Karl Heilmann,/media/234533/2010.09.17 Start EM 2010 00891.jpg,Atassut,Member of Inatsisartut,skhe@inatsisartut.gl,2005-11-15
710d4269-6669-4d24-aad1-a59893911aa7,Thomas Kristensen,/css/images/INAT-dukke-lys.jpg,Atassut,Member of Inatsisartut,thok@gh.gl,2005-11-15
06802a88-b0b5-48d2-8010-cff06671e892,Vittus Mikaelsen,/media/2316209/INAT-dukke-lys.jpg,Siumut,Member of Inatsisartut,"",2005-11-15
14d3e3e4-db78-4f38-a416-bd108fd6d254,Josef Motzfeldt,/media/234511/2010.09.17 Start EM 2010 00881.jpg,Inuit Ataqatigiit,President of Inatsisartut,tuusi@inatsisartut.gl,2009-06-02
586d288f-5469-48b7-a523-fa8962f19c6b,Kuupik Vandersee Kleist,/media/234472/2010.09.17 Start EM 2010 00948.jpg,Inuit Ataqatigiit,The Premier,kuupik@inatsisartut.gl,2009-06-02
f9cc4a28-497f-442f-80aa-90e2c2763e21,Akitsinnguaq Olsen,/media/234911/2010.09.17 Start EM 2010 00924.jpg,Siumut,Member of Inatsisartut,akiol@inatsisartut.gl,2009-06-02
b9cb526c-5685-49ff-b5c1-a2041c797dc7,Aleqa Hammond,/media/760992/Aleqa_Hammond.jpg,Siumut,Member of Inatsisartut,alha@inatsisartut.gl,2009-06-02
7441d767-4f34-444b-9dbe-b60cac20389e,Anders Olsen,/media/293529/untitled-4.jpg,Siumut,Member of Inatsisartut,anols@inatsisartut.gl,2009-06-02
ddaf366f-9b1f-4f98-b55c-200b3edac056,Andreas Uldum,/media/234534/2010.09.17 Start EM 2010 00892.jpg,Demokraatit,Member of Inatsisartut,uldum@nanoq.gl,2009-06-02
2e8ad049-e92d-4122-ac72-0e67f417385e,Anthon Frederiksen,/media/234539/2010.09.17 Start EM 2010 00946.jpg,Kattusseqatigiit Partiiat,Member of Inatsisartut,antuut@inatsisartut.gl,2009-06-02
54ef225c-ae48-4fcd-aadf-ccf13686c19c,Aqqaluaq B. Egede,/media/234438/2010.09.17 Start EM 2010 00886.jpg,Inuit Ataqatigiit,Member of Inatsisartut,aqqe@inatsisartut.gl,2009-06-02
38743268-3de9-41b2-8844-2844e7d64316,Astrid Fleischer Rex,/media/234413/2010.09.17 Start EM 2010 00912.jpg,Inuit Ataqatigiit,Member of Inatsisartut,asfl@inatsisartut.gl,2009-06-02
fc5a6021-5dae-4e6b-b7d7-68cf20869dd0,Debora Kleist,/media/234518/2010.09.17 Start EM 2010 00895.jpg,Inuit Ataqatigiit,Member of Inatsisartut,dekl@inatsisartut.gl,2009-06-02
5ae7ca97-57f2-4bb5-9416-1b0fb3fc1413,Doris Jakobsen,/media/293877/untitled-5.jpg,Siumut,Member of Inatsisartut,doja@nanoq.gl,2009-06-02
7dca92b8-aa18-4d28-8807-dd1627870d19,Finn Karlsen,/media/234423/2010.09.17 Start EM 2010 00928.jpg,Siumut,Member of Inatsisartut,fika@nanoq.gl,2009-06-02
0a343a11-29ab-4706-8334-d759ccb0e9cc,Hans Enoksen,/media/298458/untitled-6.jpg,Siumut,Member of Inatsisartut,hans@inatsisartut.gl,2009-06-02
03568e8a-98b4-4acc-9873-e8e07af83f42,Hans Aronsen,/media/234453/2010.09.17 Start EM 2010 00900.jpg,Inuit Ataqatigiit,Member of Inatsisartut,haar@inatsisartut.gl,2009-06-02
b6db9a7e-ba87-4662-b36f-39ef380fb383,Harald Bianco,/media/234500/2010.09.17 Start EM 2010 00904.jpg,Inuit Ataqatigiit,Member of Inatsisartut,habi@inatsisartut.gl,2009-06-02
6c717a92-3f71-4a4d-907e-e23689690625,Isak Hammond,/media/236890/2010.09.17 Start EM 2010 00920.jpg,Inuit Ataqatigiit,Member of Inatsisartut,isakh@inatsisartut.gl,2009-06-02
6785b12b-c002-4bdf-bd85-98a3fc4b8804,Jørgen-Ole Nyboe Nielsen,/media/532984/Joergen-Ole N Nielsen - 01214.jpg,Demokraatit,Member of Inatsisartut,jonn@inatsisartut.gl,2009-06-02
f279638a-dd1c-4159-9aa4-767b43c2eeb2,Juliane Henningsen,/media/234488/2010.09.17 Start EM 2010 00898.jpg,Inuit Ataqatigiit,Member of Inatsisartut,jhen@inatsisartut.gl,2009-06-02
73292c5f-5ba6-43c4-bd63-deb605333431,Justus Hansen,/media/234516/2010.09.17 Start EM 2010 00888.jpg,Demokraatit,Member of Inatsisartut,justus@inatsisartut.gl,2009-06-02
357948da-95e7-40c4-bc74-58aafee1f2b8,Kaali Olsen,/media/234463/2010.09.17 Start EM 2010 00950.jpg,Inuit Ataqatigiit,Member of Inatsisartut,kaali@inatsisartut.gl,2009-06-02
64b78a9c-6558-4a89-ab95-b44ace018602,Karl Lyberth,/media/762432/Karl_Lyberth.jpg,Siumut,Member of Inatsisartut,karll@inatsisartut.gl,2009-06-02
4d94f369-0455-4a8c-b73e-a709804f4257,Kim Kielsen,/media/234524/2010.09.17 Start EM 2010 00953.jpg,Siumut,Member of Inatsisartut,kim@nanoq.gl,2009-06-02
dad5c634-71c4-4195-990a-07c92e602325,Knud Kristiansen,/media/234532/2010.09.17 Start EM 2010 00916.jpg,Atassut,Member of Inatsisartut,knkr@nanoq.gl ,2009-06-02
2914d9fd-9e3a-456f-96ef-3065293899aa,Kristian Jeremiassen,/media/234527/2010.09.17 Start EM 2010 00926.jpg,Siumut,Member of Inatsisartut,krje@inatsisartut.gl,2009-06-02
48aed22e-71e5-4f47-9e4a-baf2028aebaa,Malik Berthelsen,/media/234526/2010.09.17 Start EM 2010 00932.jpg,Siumut,Member of Inatsisartut,malikb@inatsisartut.gl,2009-06-02
cd4163a0-3fef-44d2-9a5f-17e9e4405bbe,Naaja H. Nathanielsen,/media/234421/2010.09.17 Start EM 2010 00941.jpg,Inuit Ataqatigiit,Member of Inatsisartut,nana@inatsisartut.gl,2009-06-02
290fb8a2-a0d2-4c14-a4c7-934305556d47,Olga P. Berthelsen,/media/302742/untitled.jpg,Inuit Ataqatigiit,Member of Inatsisartut,olpe@inatsisartut.gl,2009-06-02
5288ec08-f33e-443a-aa3a-70f6db7d03ec,Per Berthelsen,/media/234529/2010.09.17 Start EM 2010 00930.jpg,Siumut,Member of Inatsisartut,pebe@inatsisartut.gl,2009-06-02
725ab873-8dea-4525-8fd2-420b7045fdf2,Ruth Heilmann,/media/234528/2010.09.17 Start EM 2010 00940.jpg,Siumut,Member of Inatsisartut,ruth@inatsisartut.gl,2009-06-02
8eaeee00-a2e7-4cc0-951a-c0a8ca81ae45,Siverth Karl Heilmann,/media/234533/2010.09.17 Start EM 2010 00891.jpg,Atassut,Member of Inatsisartut,skhe@inatsisartut.gl,2009-06-02
64a28885-ef4a-4721-8d13-943820305213,Storm Ludvigsen,/media/302824/untitled-3.jpg,Inuit Ataqatigiit,Member of Inatsisartut,stlu@inatsisartut.gl,2009-06-02
89f4a64a-eab1-46c4-8caa-b9b33cf0cc7f,Lars-Emil Johansen,/media/753863/Lars-Emil Johansen - 07533.jpg,Siumut,President of Inatsisartut,larsemil@inatsisartut.gl,2013-03-12
b9cb526c-5685-49ff-b5c1-a2041c797dc7,Aleqa Hammond,/media/760992/Aleqa_Hammond.jpg,Siumut,The Premier,alha@inatsisartut.gl,2013-03-12
56b7da86-b9c7-4fcd-bd04-f980cde7d4c5,Agathe Fontain,/media/234537/2010.09.17 Start EM 2010 00896.jpg,Inuit Ataqatigiit,Member of Inatsisartut,agathe@inatsisartut.gl,2013-03-12
7441d767-4f34-444b-9dbe-b60cac20389e,Anders Olsen,/media/293529/untitled-4.jpg,Siumut,Member of Inatsisartut,anols@inatsisartut.gl,2013-03-12
ddaf366f-9b1f-4f98-b55c-200b3edac056,Andreas Uldum,/media/234534/2010.09.17 Start EM 2010 00892.jpg,Demokraatiit,Member of Inatsisartut,uldum@nanoq.gl,2013-03-12
16ae4426-69c2-490c-8aa1-37b963d04ba6,Ane Hansen,/media/234538/2010.09.17 Start EM 2010 00903.jpg,Inuit Ataqatigiit,Member of Inatsisartut,aneh@inatsisartut.gl,2013-03-12
54ef225c-ae48-4fcd-aadf-ccf13686c19c,Aqqaluaq B. Egede,/media/234438/2010.09.17 Start EM 2010 00886.jpg,Inuit Ataqatigiit,Member of Inatsisartut,aqqe@inatsisartut.gl,2013-03-12
38743268-3de9-41b2-8844-2844e7d64316,Astrid Fleischer Rex,/media/234413/2010.09.17 Start EM 2010 00912.jpg,Inuit Ataqatigiit,Member of Inatsisartut,asfl@inatsisartut.gl,2013-03-12
5ae7ca97-57f2-4bb5-9416-1b0fb3fc1413,Doris Jakobsen,/media/293877/untitled-5.jpg,Siumut,Member of Inatsisartut,doja@nanoq.gl,2013-03-12
7785b1b6-d6de-4fb2-aaf4-cba5b54daf06,Evelyn Frederiksen,/media/753489/Evelyn Frederiksen - 07654.jpg,Siumut,Member of Inatsisartut,evelyn@inatsisartut.gl,2013-03-12
0a343a11-29ab-4706-8334-d759ccb0e9cc,Hans Enoksen,/media/298458/untitled-6.jpg,Partii Naleraq,Member of Inatsisartut,hans@inatsisartut.gl,2013-03-12
03568e8a-98b4-4acc-9873-e8e07af83f42,Hans Aronsen,/media/234453/2010.09.17 Start EM 2010 00900.jpg,Inuit Ataqatigiit,Member of Inatsisartut,haar@inatsisartut.gl,2013-03-12
b6db9a7e-ba87-4662-b36f-39ef380fb383,Harald Bianco,/media/234500/2010.09.17 Start EM 2010 00904.jpg,Inuit Ataqatigiit,Member of Inatsisartut,habi@inatsisartut.gl,2013-03-12
5dd56df6-2452-4464-8be4-805798977d95,Jens Immanuelsen,/media/402739/Jens Immanuelsen - 03714.jpg,Siumut,Member of Inatsisartut,jeim@inatsisartut.gl,2013-03-12
f279638a-dd1c-4159-9aa4-767b43c2eeb2,Juliane Henningsen,/media/234488/2010.09.17 Start EM 2010 00898.jpg,Inuit Ataqatigiit,Member of Inatsisartut,jhen@inatsisartut.gl,2013-03-12
292a7ac3-f465-4405-90f8-2ab3b440c299,Kalistat Lund,/media/719177/Kalistat Lund - 07662.jpg,Inuit Ataqatigiit,Member of Inatsisartut,kalistat@inatsisartut.gl,2013-03-12
64b78a9c-6558-4a89-ab95-b44ace018602,Karl Lyberth,/media/762432/Karl_Lyberth.jpg,Siumut,Member of Inatsisartut,karll@inatsisartut.gl,2013-03-12
ce4f4f01-cba8-4410-bbb9-add05b31cf18,Karl-Kristian Kruse,/media/719211/Karl-Kristian Kruse - 07672.jpg,Siumut,Member of Inatsisartut,kkkr@nanoq.gl,2013-03-12
2914d9fd-9e3a-456f-96ef-3065293899aa,Kristian Jeremiassen,/media/234527/2010.09.17 Start EM 2010 00926.jpg,Siumut,Member of Inatsisartut,krje@inatsisartut.gl,2013-03-12
795f3d73-eda4-4630-9ebd-ba4ce3c69485,Lars Mathæussen,/media/752555/Lars Mathaeussen - 07657.jpg,Siumut,Member of Inatsisartut,lars@inatsisartut.gl,2013-03-12
9e7643a3-5c84-40c1-9536-1d8b76730c10,Michael Rosing,/media/530703/Michael Rosing - 01220.jpg,Demokraatiit,Member of Inatsisartut,michael@inatsisartut.gl,2013-03-12
16f0e63d-154f-4f4d-9241-81748844532f,Mimi Karlsen,/media/234447/2010.09.17 Start EM 2010 00909.jpg,Inuit Ataqatigiit,Member of Inatsisartut,mimi@inatsisartut.gl,2013-03-12
cd4163a0-3fef-44d2-9a5f-17e9e4405bbe,Naaja H. Nathanielsen,/media/234421/2010.09.17 Start EM 2010 00941.jpg,Inuit Ataqatigiit,Member of Inatsisartut,nana@inatsisartut.gl,2013-03-12
b57d46e0-bd24-4a45-bf38-5ce66b6a0c4a,Nikolaj Jeremiassen,/media/719823/Nikolaj Jeremiassen - 07666.jpg,Siumut,Member of Inatsisartut,nije@inatsisartut.gl,2013-03-12
5288ec08-f33e-443a-aa3a-70f6db7d03ec,Per Berthelsen,/media/234529/2010.09.17 Start EM 2010 00930.jpg,Siumut,Member of Inatsisartut,pebe@inatsisartut.gl,2013-03-12
4a45c817-8984-4738-80f4-33d9ef074f45,Randi Broberg,/media/720187/Randi Broberg - 07671.jpg,Partii Inuit,Member of Inatsisartut,randi@inatsisartut.gl,2013-03-12
725ab873-8dea-4525-8fd2-420b7045fdf2,Ruth Heilmann,/media/234528/2010.09.17 Start EM 2010 00940.jpg,Siumut,Member of Inatsisartut,ruth@inatsisartut.gl,2013-03-12
d749f69b-dbe2-4af6-ab1e-e35e7bb57c2e,Sara Olsvig,/media/720255/Sara Olsvig - 07669.jpg,Inuit Ataqatigiit,Member of Inatsisartut,saol@inatsisartut.gl,2013-03-12
8eaeee00-a2e7-4cc0-951a-c0a8ca81ae45,Siverth Karl Heilmann,/media/234533/2010.09.17 Start EM 2010 00891.jpg,Atassut,Member of Inatsisartut,skhe@inatsisartut.gl,2013-03-12
f3e4e580-2652-4b15-ad5f-8fc99bef5bf1,Suka K. Frederiksen,/media/2461297/Suka K. Frederiksen 2014.12 - 15510.jpg,Siumut,Member of Inatsisartut,suka@inatsisartut.gl,2014-11-28
5dd56df6-2452-4464-8be4-805798977d95,Jens Immanuelsen,/media/402739/Jens Immanuelsen - 03714.jpg,Siumut,Member of Inatsisartut,jeim@inatsisartut.gl,2014-11-28
8646b7a1-ff0f-4402-b7f7-94692ef2a837,Aaja Chemnitz Larsen,/media/2461849/Aaja Chemnitz Larsen 2014.12 - 15537.jpg,Inuit Ataqatigiit,Member of Inatsisartut,aacl@inatsisartut.gl,2014-11-28
56b7da86-b9c7-4fcd-bd04-f980cde7d4c5,Agathe Fontain,/media/234537/2010.09.17 Start EM 2010 00896.jpg,Inuit Ataqatigiit,Member of Inatsisartut,agathe@inatsisartut.gl,2014-11-28
7441d767-4f34-444b-9dbe-b60cac20389e,Anders Olsen,/media/293529/untitled-4.jpg,Siumut,Member of Inatsisartut,anols@inatsisartut.gl,2014-11-28
ddaf366f-9b1f-4f98-b55c-200b3edac056,Andreas Uldum,/media/234534/2010.09.17 Start EM 2010 00892.jpg,Demokraatit,Member of Inatsisartut,uldum@nanoq.gl,2014-11-28
16ae4426-69c2-490c-8aa1-37b963d04ba6,Ane Hansen,/media/234538/2010.09.17 Start EM 2010 00903.jpg,Inuit Ataqatigiit,Member of Inatsisartut,aneh@inatsisartut.gl,2014-11-28
2e8ad049-e92d-4122-ac72-0e67f417385e,Anthon Frederiksen,/media/234539/2010.09.17 Start EM 2010 00946.jpg,Partii Naleraq,Member of Inatsisartut,antuut@inatsisartut.gl,2014-11-28
54ef225c-ae48-4fcd-aadf-ccf13686c19c,Aqqaluaq B. Egede,/media/234438/2010.09.17 Start EM 2010 00886.jpg,Inuit Ataqatigiit,Member of Inatsisartut,aqqe@inatsisartut.gl,2014-11-28
5ae7ca97-57f2-4bb5-9416-1b0fb3fc1413,Doris Jakobsen,/media/293877/untitled-5.jpg,Siumut,Member of Inatsisartut,doja@nanoq.gl,2014-11-28
0a343a11-29ab-4706-8334-d759ccb0e9cc,Hans Enoksen,/media/298458/untitled-6.jpg,Partii Naleraq,Member of Inatsisartut,hans@inatsisartut.gl,2014-11-28
194d3b3d-e97c-4ea4-beef-4734f928ffda,Iddimanngiiu Bianco,/media/2461401/Iddimanngiiu Bianco 2014.12 - 15527.jpg,Inuit Ataqatigiit,Member of Inatsisartut,idjb@inatsisartut.gl,2014-11-28
4c43192f-8afe-4988-916e-f4e465626cc8,Ineqi Kielsen,/media/2461245/Ineqi Kielsen 2014.12 - 15542.jpg,Siumut,Member of Inatsisartut,ineqi@inatsisartut.gl,2014-11-28
f279638a-dd1c-4159-9aa4-767b43c2eeb2,Juliane Henningsen,/media/234488/2010.09.17 Start EM 2010 00898.jpg,Inuit Ataqatigiit,Member of Inatsisartut,jhen@inatsisartut.gl,2014-11-28
73292c5f-5ba6-43c4-bd63-deb605333431,Justus Hansen,/media/234516/2010.09.17 Start EM 2010 00888.jpg,Demokraatit,Member of Inatsisartut,justus@inatsisartut.gl,2014-11-28
292a7ac3-f465-4405-90f8-2ab3b440c299,Kalistat Lund,/media/719177/Kalistat Lund - 07662.jpg,Inuit Ataqatigiit,Member of Inatsisartut,kalistat@inatsisartut.gl,2014-11-28
ce4f4f01-cba8-4410-bbb9-add05b31cf18,Karl-Kristian Kruse,/media/719211/Karl-Kristian Kruse - 07672.jpg,Siumut,Member of Inatsisartut,kkkr@nanoq.gl,2014-11-28
4d94f369-0455-4a8c-b73e-a709804f4257,Kim Kielsen,/media/234524/2010.09.17 Start EM 2010 00953.jpg,Siumut,Member of Inatsisartut,kim@nanoq.gl,2014-11-28
dad5c634-71c4-4195-990a-07c92e602325,Knud Kristiansen,/media/234532/2010.09.17 Start EM 2010 00916.jpg,Atassut,Member of Inatsisartut,knkr@nanoq.gl ,2014-11-28
89f4a64a-eab1-46c4-8caa-b9b33cf0cc7f,Lars-Emil Johansen,/media/753863/Lars-Emil Johansen - 07533.jpg,Siumut,Member of Inatsisartut,larsemil@inatsisartut.gl,2014-11-28
c65a97b4-a53d-432c-b7c8-f5deee09bfb8,Laura Tàunâjik,/media/2461193/Laura Taunajik 2014.12 - 15533.jpg,Siumut,Member of Inatsisartut,laura@inatsisartut.gl,2014-11-28
f8aa38ab-acf2-4350-a3f3-c3c5d211494d,Mala Høy Kuko,/media/2448262/INAT-dukke-lys.jpg,Atassut,Member of Inatsisartut,,2014-11-28
ae034b7d-b2a9-49e8-be82-0009c6cdfa8f,Martha Lund Olsen,/media/759167/Martha_Lund_Olsen.bmp,Siumut,Member of Inatsisartut,mlol@nanoq.gl,2014-11-28
16f0e63d-154f-4f4d-9241-81748844532f,Mimi Karlsen,/media/234447/2010.09.17 Start EM 2010 00909.jpg,Inuit Ataqatigiit,Member of Inatsisartut,mimi@inatsisartut.gl,2014-11-28
cd4163a0-3fef-44d2-9a5f-17e9e4405bbe,Naaja H. Nathanielsen,/media/234421/2010.09.17 Start EM 2010 00941.jpg,Inuit Ataqatigiit,Member of Inatsisartut,nana@inatsisartut.gl,2014-11-28
b57d46e0-bd24-4a45-bf38-5ce66b6a0c4a,Nikolaj Jeremiassen,/media/719823/Nikolaj Jeremiassen - 07666.jpg,Siumut,Member of Inatsisartut,nije@inatsisartut.gl,2014-11-28
91aecc71-3c21-4616-a342-34235bcab657,Nivi Olsen,/media/2448458/INAT-dukke-lys.jpg,Demokraatit,Member of Inatsisartut,nivi@nanoq.gl,2014-11-28
cd268a98-08f2-4fb9-97da-e039144df925,Per Rosing-Petersen,/media/2461609/Per Rosing Petersen 2014.12 - 15506.jpg,Partii Naleraq,Member of Inatsisartut,perrp@inatsisartut.gl,2014-11-28
ffdf6ad5-015e-4bc4-af47-eae264780f94,Peter Olsen,/media/2462571/Peter Olsen 2014.12 - 15521.jpg,Inuit Ataqatigiit,Member of Inatsisartut,ppol@inatsisartut.gl,2014-11-28
7f7e6bfe-1528-40a0-b3b9-2eec202af49a,Randi Vestergaard Evaldsen,/media/2462756/Randi Vestergaard Evaldsen 2014.12 - 15505.jpg,Demokraatit,Member of Inatsisartut,rave@inatsisartut.gl,2014-11-28
d749f69b-dbe2-4af6-ab1e-e35e7bb57c2e,Sara Olsvig,/media/720255/Sara Olsvig - 07669.jpg,Inuit Ataqatigiit,Member of Inatsisartut,saol@inatsisartut.gl,2014-11-28
89f4a64a-eab1-46c4-8caa-b9b33cf0cc7f,Lars-Emil Johansen,/media/753863/Lars-Emil Johansen - 07533.jpg,Siumut,President of Inatsisartut,larsemil@inatsisartut.gl,2014-12-12
4d94f369-0455-4a8c-b73e-a709804f4257,Kim Kielsen,/media/234524/2010.09.17 Start EM 2010 00953.jpg,Siumut,The Premier,kim@nanoq.gl,2014-12-12
8646b7a1-ff0f-4402-b7f7-94692ef2a837,Aaja Chemnitz Larsen,/media/2461849/Aaja Chemnitz Larsen 2014.12 - 15537.jpg,Inuit Ataqatigiit,Member of Inatsisartut,aacl@inatsisartut.gl,2014-12-12
56b7da86-b9c7-4fcd-bd04-f980cde7d4c5,Agathe Fontain,/media/234537/2010.09.17 Start EM 2010 00896.jpg,Inuit Ataqatigiit,Member of Inatsisartut,agathe@inatsisartut.gl,2014-12-12
7441d767-4f34-444b-9dbe-b60cac20389e,Anders Olsen,/media/293529/untitled-4.jpg,Siumut,Member of Inatsisartut,anols@inatsisartut.gl,2014-12-12
16ae4426-69c2-490c-8aa1-37b963d04ba6,Ane Hansen,/media/234538/2010.09.17 Start EM 2010 00903.jpg,Inuit Ataqatigiit,Member of Inatsisartut,aneh@inatsisartut.gl,2014-12-12
2e8ad049-e92d-4122-ac72-0e67f417385e,Anthon Frederiksen,/media/234539/2010.09.17 Start EM 2010 00946.jpg,Partii Naleraq,Member of Inatsisartut,antuut@inatsisartut.gl,2014-12-12
54ef225c-ae48-4fcd-aadf-ccf13686c19c,Aqqaluaq B. Egede,/media/234438/2010.09.17 Start EM 2010 00886.jpg,Inuit Ataqatigiit,Member of Inatsisartut,aqqe@inatsisartut.gl,2014-12-12
0a343a11-29ab-4706-8334-d759ccb0e9cc,Hans Enoksen,/media/298458/untitled-6.jpg,Partii Naleraq,Member of Inatsisartut,hans@inatsisartut.gl,2014-12-12
194d3b3d-e97c-4ea4-beef-4734f928ffda,Iddimanngiiu Bianco,/media/2461401/Iddimanngiiu Bianco 2014.12 - 15527.jpg,Inuit Ataqatigiit,Member of Inatsisartut,idjb@inatsisartut.gl,2014-12-12
4c43192f-8afe-4988-916e-f4e465626cc8,Ineqi Kielsen,/media/2461245/Ineqi Kielsen 2014.12 - 15542.jpg,Siumut,Member of Inatsisartut,ineqi@inatsisartut.gl,2014-12-12
5dd56df6-2452-4464-8be4-805798977d95,Jens Immanuelsen,/media/402739/Jens Immanuelsen - 03714.jpg,Siumut,Member of Inatsisartut,jeim@inatsisartut.gl,2014-12-12
5a2aae3b-a5f1-40e8-81d7-2071adb64339,Jens-Erik Kirkegaard,/media/761460/Jens_Erik_Kirkegaard.jpg,Siumut,Substitue,jenserik@inatsisartut.gl,2014-12-12
128e5589-f3f0-497d-8259-5356ed95c15e,Jess Svane,/media/2461089/Jess Svane 2014.12 - 15524.jpg,Siumut,Substitue,jess@inatsisartut.gl,2014-12-12
f279638a-dd1c-4159-9aa4-767b43c2eeb2,Juliane Henningsen,/media/234488/2010.09.17 Start EM 2010 00898.jpg,Inuit Ataqatigiit,Member of Inatsisartut,jhen@inatsisartut.gl,2014-12-12
73292c5f-5ba6-43c4-bd63-deb605333431,Justus Hansen,/media/234516/2010.09.17 Start EM 2010 00888.jpg,Demokraatit,Member of Inatsisartut,justus@inatsisartut.gl,2014-12-12
292a7ac3-f465-4405-90f8-2ab3b440c299,Kalistat Lund,/media/719177/Kalistat Lund - 07662.jpg,Inuit Ataqatigiit,Member of Inatsisartut,kalistat@inatsisartut.gl,2014-12-12
c65a97b4-a53d-432c-b7c8-f5deee09bfb8,Laura Tàunâjik,/media/2461193/Laura Taunajik 2014.12 - 15533.jpg,Siumut,Member of Inatsisartut,laura@inatsisartut.gl,2014-12-12
198ffadd-2ae9-4ab2-a161-173443285772,Mùte Bourup Egede,/css/images/INAT-dukke-lys.jpg,Inuit Ataqatigiit,Substitue,mube@inatsisartut.gl,2014-12-12
9e7643a3-5c84-40c1-9536-1d8b76730c10,Michael Rosing,/media/530703/Michael Rosing - 01220.jpg,Demokraatit,Substitue,michael@inatsisartut.gl,2014-12-12
cd4163a0-3fef-44d2-9a5f-17e9e4405bbe,Naaja H. Nathanielsen,/media/234421/2010.09.17 Start EM 2010 00941.jpg,Inuit Ataqatigiit,Member of Inatsisartut,nana@inatsisartut.gl,2014-12-12
b57d46e0-bd24-4a45-bf38-5ce66b6a0c4a,Nikolaj Jeremiassen,/media/719823/Nikolaj Jeremiassen - 07666.jpg,Siumut,Member of Inatsisartut,nije@inatsisartut.gl,2014-12-12
cd268a98-08f2-4fb9-97da-e039144df925,Per Rosing-Petersen,/media/2461609/Per Rosing Petersen 2014.12 - 15506.jpg,Partii Naleraq,Member of Inatsisartut,perrp@inatsisartut.gl,2014-12-12
ffdf6ad5-015e-4bc4-af47-eae264780f94,Peter Olsen,/media/2462571/Peter Olsen 2014.12 - 15521.jpg,Inuit Ataqatigiit,Member of Inatsisartut,ppol@inatsisartut.gl,2014-12-12
7f7e6bfe-1528-40a0-b3b9-2eec202af49a,Randi Vestergaard Evaldsen,/media/2462756/Randi Vestergaard Evaldsen 2014.12 - 15505.jpg,Demokraatit,Member of Inatsisartut,rave@inatsisartut.gl,2014-12-12
d749f69b-dbe2-4af6-ab1e-e35e7bb57c2e,Sara Olsvig,/media/720255/Sara Olsvig - 07669.jpg,Inuit Ataqatigiit,Member of Inatsisartut,saol@inatsisartut.gl,2014-12-12
8eaeee00-a2e7-4cc0-951a-c0a8ca81ae45,Siverth Karl Heilmann,/media/234533/2010.09.17 Start EM 2010 00891.jpg,Atassut,Substitue,skhe@inatsisartut.gl,2014-12-12
34527c3c-24ae-4399-87e9-39e4f53ade6e,Steen Lynge,/media/762180/Steen_Lynge.jpg,Atassut,Substitue,steen@inatsisartut.gl,2014-12-12
f3e4e580-2652-4b15-ad5f-8fc99bef5bf1,Suka K. Frederiksen,/media/2461297/Suka K. Frederiksen 2014.12 - 15510.jpg,Siumut,Member of Inatsisartut,suka@inatsisartut.gl,2014-12-12
b8a08114-2e0c-49d3-8665-40de66752155,Tillie Martinussen,/media/2461141/Tillie Martinussen 2014.12 - 15498.jpg,Demokraatit,Substitue,tillie@inatsisartut.gl,2014-12-12
a34e5010-d2de-48c0-928c-0ba2bb31e575,Vivian Motzfeldt,/media/2461037/Vivian Motzfeldt 2014.12 - 15515.jpg,Siumut,Substitue,vivian@inatsisartut.gl,2014-12-12
